Difficulty,Title,Frequency,Acceptance Rate,Link,Topics
MEDIUM,Top K Frequent Elements,100.0,0.6408057140500784,https://leetcode.com/problems/top-k-frequent-elements,"Array, Hash Table, Divide and Conquer, Sorting, Heap (Priority Queue), Bucket Sort, Counting, Quickselect"
MEDIUM,Add Two Numbers,85.7,0.4544018895636871,https://leetcode.com/problems/add-two-numbers,"Linked List, Math, Recursion"
EASY,Add Strings,75.8,0.5173876537801628,https://leetcode.com/problems/add-strings,"Math, String, Simulation"
MEDIUM,Generate Parentheses,62.4,0.7653019031076618,https://leetcode.com/problems/generate-parentheses,"String, Dynamic Programming, Backtracking"
EASY,Merge Two Sorted Lists,54.6,0.6628976502697664,https://leetcode.com/problems/merge-two-sorted-lists,"Linked List, Recursion"
EASY,Merge Sorted Array,54.6,0.5225723486420627,https://leetcode.com/problems/merge-sorted-array,"Array, Two Pointers, Sorting"
EASY,Add to Array-Form of Integer,54.6,0.45003456640762435,https://leetcode.com/problems/add-to-array-form-of-integer,"Array, Math"
