Difficulty,Title,Frequency,Acceptance Rate,Link,Topics
MEDIUM,Number of Islands,100.0,0.6158107856674208,https://leetcode.com/problems/number-of-islands,"Array, Depth-First Search, Breadth-First Search, Union Find, Matrix"
EASY,Best Time to Buy and Sell Stock,100.0,0.5476983349657198,https://leetcode.com/problems/best-time-to-buy-and-sell-stock,"Array, Dynamic Programming"
MEDIUM,Spiral Matrix,100.0,0.5293302624373049,https://leetcode.com/problems/spiral-matrix,"Array, Matrix, Simulation"
MEDIUM,String Compression,100.0,0.572725840936697,https://leetcode.com/problems/string-compression,"Two Pointers, String"
EASY,Move Zeroes,100.0,0.6254455983119035,https://leetcode.com/problems/move-zeroes,"Array, Two Pointers"
MEDIUM,Time Based Key-Value Store,100.0,0.49362359417560553,https://leetcode.com/problems/time-based-key-value-store,"Hash Table, String, Binary Search, Design"
