Difficulty,Title,Frequency,Acceptance Rate,Link,Topics
EASY,Best Time to Buy and Sell Stock,100.0,0.5477012583254076,https://leetcode.com/problems/best-time-to-buy-and-sell-stock,"Array, Dynamic Programming"
MEDIUM,Longest Substring Without Repeating Characters,82.5,0.3632700309797557,https://leetcode.com/problems/longest-substring-without-repeating-characters,"Hash Table, String, Sliding Window"
HARD,Text Justification,82.5,0.4709375369414792,https://leetcode.com/problems/text-justification,"Array, String, Simulation"
MEDIUM,Top K Frequent Elements,82.5,0.6408055428820014,https://leetcode.com/problems/top-k-frequent-elements,"Array, Hash Table, Divide and Conquer, Sorting, Heap (Priority Queue), Bucket Sort, Counting, Quickselect"
EASY,Move Zeroes,82.5,0.6254480537284534,https://leetcode.com/problems/move-zeroes,"Array, Two Pointers"
MEDIUM,Check If Array Pairs Are Divisible by k,82.5,0.46217116975972433,https://leetcode.com/problems/check-if-array-pairs-are-divisible-by-k,"Array, Hash Table, Counting"
