Difficulty,Title,Frequency,Acceptance Rate,Link,Topics
MEDIUM,Design Hit Counter,100.0,0.690145319433361,https://leetcode.com/problems/design-hit-counter,"Array, Binary Search, Design, Queue, Data Stream"
MEDIUM,Design Tic-Tac-Toe,89.9,0.5843357470704268,https://leetcode.com/problems/design-tic-tac-toe,"Array, Hash Table, Design, Matrix, Simulation"
MEDIUM,IP to CIDR,89.9,0.5565850827513058,https://leetcode.com/problems/ip-to-cidr,"String, Bit Manipulation"
MEDIUM,House Robber,85.1,0.5198831180620619,https://leetcode.com/problems/house-robber,"Array, Dynamic Programming"
MEDIUM,Snapshot Array,85.1,0.36766582325639147,https://leetcode.com/problems/snapshot-array,"Array, Hash Table, Binary Search, Design"
MEDIUM,House Robber II,78.9,0.43120952153960396,https://leetcode.com/problems/house-robber-ii,"Array, Dynamic Programming"
