Difficulty,Title,Frequency,Acceptance Rate,Link,Topics
MEDIUM,Find Mirror Score of a String,100.0,0.35867269984917044,https://leetcode.com/problems/find-mirror-score-of-a-string,"Hash Table, String, Stack, Simulation"
MEDIUM,Zigzag Conversion,79.8,0.50791580605358,https://leetcode.com/problems/zigzag-conversion,String
HARD,Trapping Rain Water,79.8,0.6428760114309252,https://leetcode.com/problems/trapping-rain-water,"Array, Two Pointers, Dynamic Programming, Stack, Monotonic Stack"
MEDIUM,LRU Cache,73.5,0.4443129612672474,https://leetcode.com/problems/lru-cache,"Hash Table, Linked List, Design, Doubly-Linked List"
EASY,Best Time to Buy and Sell Stock,73.5,0.547701175718767,https://leetcode.com/problems/best-time-to-buy-and-sell-stock,"Array, Dynamic Programming"
MEDIUM,Minimum Time Difference,64.6,0.6227946233444279,https://leetcode.com/problems/minimum-time-difference,"Array, Math, String, Sorting"
MEDIUM,Linked List Cycle II,64.6,0.5400163429190705,https://leetcode.com/problems/linked-list-cycle-ii,"Hash Table, Linked List, Two Pointers"
