Difficulty,Title,Frequency,Acceptance Rate,Link,Topics
MEDIUM,Subsets,100.0,0.8025900356722065,https://leetcode.com/problems/subsets,"Array, Backtracking, Bit Manipulation"
MEDIUM,Word Break,98.0,0.4787520674255411,https://leetcode.com/problems/word-break,"Array, Hash Table, String, Dynamic Programming, Trie, Memoization"
MEDIUM,Decode String,98.0,0.6068660634109276,https://leetcode.com/problems/decode-string,"String, Stack, Recursion"
HARD,LFU Cache,95.8,0.4584725068954174,https://leetcode.com/problems/lfu-cache,"Hash Table, Linked List, Design, Doubly-Linked List"
MEDIUM,Longest Substring with At Most K Distinct Characters,95.8,0.49317771778670244,https://leetcode.com/problems/longest-substring-with-at-most-k-distinct-characters,"Hash Table, String, Sliding Window"
MEDIUM,Split BST,93.4,0.8246409731458374,https://leetcode.com/problems/split-bst,"Tree, Binary Search Tree, Recursion, Binary Tree"
MEDIUM,LRU Cache,93.4,0.44431037243296573,https://leetcode.com/problems/lru-cache,"Hash Table, Linked List, Design, Doubly-Linked List"
HARD,Range Module,93.4,0.4404451721343132,https://leetcode.com/problems/range-module,"Design, Segment Tree, Ordered Set"
EASY,Find Pivot Index,93.4,0.5989555496973812,https://leetcode.com/problems/find-pivot-index,"Array, Prefix Sum"
HARD,Design In-Memory File System,84.5,0.4802936773240909,https://leetcode.com/problems/design-in-memory-file-system,"Hash Table, String, Design, Trie, Sorting"
MEDIUM,Design Twitter,80.7,0.4158191770746404,https://leetcode.com/problems/design-twitter,"Hash Table, Linked List, Design, Heap (Priority Queue)"
MEDIUM,Unique Paths II,80.7,0.42759245124889633,https://leetcode.com/problems/unique-paths-ii,"Array, Dynamic Programming, Matrix"
MEDIUM,Possible Bipartition,80.7,0.5118917103826474,https://leetcode.com/problems/possible-bipartition,"Depth-First Search, Breadth-First Search, Union Find, Graph"
MEDIUM,Course Schedule,80.7,0.4847677771612034,https://leetcode.com/problems/course-schedule,"Depth-First Search, Breadth-First Search, Graph, Topological Sort"
MEDIUM,Longest Repeating Substring,76.2,0.62729136373388,https://leetcode.com/problems/longest-repeating-substring,"String, Binary Search, Dynamic Programming, Rolling Hash, Suffix Array, Hash Function"
MEDIUM,Unique Paths,76.2,0.6540333117108035,https://leetcode.com/problems/unique-paths,"Math, Dynamic Programming, Combinatorics"
HARD,Regular Expression Matching,76.2,0.2897198110641244,https://leetcode.com/problems/regular-expression-matching,"String, Dynamic Programming, Recursion"
MEDIUM,Number of Islands,70.6,0.6158096578229466,https://leetcode.com/problems/number-of-islands,"Array, Depth-First Search, Breadth-First Search, Union Find, Matrix"
MEDIUM,Find K Closest Elements,63.4,0.48347359407228685,https://leetcode.com/problems/find-k-closest-elements,"Array, Two Pointers, Binary Search, Sliding Window, Sorting, Heap (Priority Queue)"
HARD,Sliding Window Maximum,63.4,0.47246724525065154,https://leetcode.com/problems/sliding-window-maximum,"Array, Queue, Sliding Window, Heap (Priority Queue), Monotonic Queue"
MEDIUM,Group Anagrams,63.4,0.7033699829596762,https://leetcode.com/problems/group-anagrams,"Array, Hash Table, String, Sorting"
MEDIUM,Single Element in a Sorted Array,63.4,0.5915621439892149,https://leetcode.com/problems/single-element-in-a-sorted-array,"Array, Binary Search"
MEDIUM,Cheapest Flights Within K Stops,63.4,0.40061280946878175,https://leetcode.com/problems/cheapest-flights-within-k-stops,"Dynamic Programming, Depth-First Search, Breadth-First Search, Graph, Heap (Priority Queue), Shortest Path"
MEDIUM,Search a 2D Matrix,63.4,0.5177724068516931,https://leetcode.com/problems/search-a-2d-matrix,"Array, Binary Search, Matrix"
HARD,Longest Duplicate Substring,63.4,0.3064277951534358,https://leetcode.com/problems/longest-duplicate-substring,"String, Binary Search, Sliding Window, Rolling Hash, Suffix Array, Hash Function"
MEDIUM,Shopping Offers,63.4,0.5181849406556501,https://leetcode.com/problems/shopping-offers,"Array, Dynamic Programming, Backtracking, Bit Manipulation, Memoization, Bitmask"
MEDIUM,Basic Calculator II,63.4,0.45257368448080576,https://leetcode.com/problems/basic-calculator-ii,"Math, String, Stack"
MEDIUM,Longest Substring Without Repeating Characters,63.4,0.3632672921516049,https://leetcode.com/problems/longest-substring-without-repeating-characters,"Hash Table, String, Sliding Window"
MEDIUM,Number of Distinct Islands,53.4,0.6197944599377883,https://leetcode.com/problems/number-of-distinct-islands,"Hash Table, Depth-First Search, Breadth-First Search, Union Find, Hash Function"
MEDIUM,Design Hit Counter,53.4,0.690145319433361,https://leetcode.com/problems/design-hit-counter,"Array, Binary Search, Design, Queue, Data Stream"
HARD,Find Median from Data Stream,53.4,0.5297419500514315,https://leetcode.com/problems/find-median-from-data-stream,"Two Pointers, Design, Sorting, Heap (Priority Queue), Data Stream"
EASY,Split Strings by Separator,53.4,0.7550258105678325,https://leetcode.com/problems/split-strings-by-separator,"Array, String"
HARD,Distinct Subsequences,53.4,0.49441486930424616,https://leetcode.com/problems/distinct-subsequences,"String, Dynamic Programming"
HARD,Wildcard Matching,53.4,0.29364447283067296,https://leetcode.com/problems/wildcard-matching,"String, Dynamic Programming, Greedy, Recursion"
MEDIUM,Search a 2D Matrix II,53.4,0.5444939099367563,https://leetcode.com/problems/search-a-2d-matrix-ii,"Array, Binary Search, Divide and Conquer, Matrix"
MEDIUM,Open the Lock,53.4,0.6057795374354823,https://leetcode.com/problems/open-the-lock,"Array, Hash Table, String, Breadth-First Search"
HARD,Basic Calculator III,53.4,0.519165283236524,https://leetcode.com/problems/basic-calculator-iii,"Math, String, Stack, Recursion"
MEDIUM,Increasing Triplet Subsequence,53.4,0.3917272541424011,https://leetcode.com/problems/increasing-triplet-subsequence,"Array, Greedy"
HARD,Maximum Number of Tasks You Can Assign,53.4,0.33847583643122675,https://leetcode.com/problems/maximum-number-of-tasks-you-can-assign,"Array, Binary Search, Greedy, Queue, Sorting, Monotonic Queue"
HARD,Number of Atoms,53.4,0.6506589414397168,https://leetcode.com/problems/number-of-atoms,"Hash Table, String, Stack, Sorting"
HARD,Basic Calculator,53.4,0.44856311103680163,https://leetcode.com/problems/basic-calculator,"Math, String, Stack, Recursion"
HARD,Bus Routes,53.4,0.47061101435641456,https://leetcode.com/problems/bus-routes,"Array, Hash Table, Breadth-First Search"
MEDIUM,Pacific Atlantic Water Flow,53.4,0.5691461648039561,https://leetcode.com/problems/pacific-atlantic-water-flow,"Array, Depth-First Search, Breadth-First Search, Matrix"
