Difficulty,Title,Frequency,Acceptance Rate,Link,Topics
EASY,Find Candidates for Data Scientist Position,100.0,0.7564075849135237,https://leetcode.com/problems/find-candidates-for-data-scientist-position,Database
HARD,Maximize Items,100.0,0.7429231658001156,https://leetcode.com/problems/maximize-items,Database
HARD,Count the Number of Powerful Integers,84.4,0.2678150070788108,https://leetcode.com/problems/count-the-number-of-powerful-integers,"Math, String, Dynamic Programming"
MEDIUM,Minimize Length of Array Using Operations,84.4,0.3476772057984248,https://leetcode.com/problems/minimize-length-of-array-using-operations,"Array, Math, Greedy, Number Theory"
EASY,Best Time to Buy and Sell Stock,63.8,0.5476985327799447,https://leetcode.com/problems/best-time-to-buy-and-sell-stock,"Array, Dynamic Programming"
MEDIUM,3Sum,63.8,0.36423176607915947,https://leetcode.com/problems/3sum,"Array, Two Pointers, Sorting"
MEDIUM,Maximum Subarray,63.8,0.5173372732024585,https://leetcode.com/problems/maximum-subarray,"Array, Divide and Conquer, Dynamic Programming"
MEDIUM,Maximum Points Inside the Square,63.8,0.3896997497914929,https://leetcode.com/problems/maximum-points-inside-the-square,"Array, Hash Table, String, Binary Search, Sorting"
