Difficulty,Title,Frequency,Acceptance Rate,Link,Topics
MEDIUM,Group Anagrams,100.0,0.7033742386855261,https://leetcode.com/problems/group-anagrams,"Array, Hash Table, String, Sorting"
MEDIUM,Longest Common Subsequence,95.8,0.5799230190682653,https://leetcode.com/problems/longest-common-subsequence,"String, Dynamic Programming"
EASY,Add Binary,74.8,0.5519238790130586,https://leetcode.com/problems/add-binary,"Math, String, Bit Manipulation, Simulation"
MEDIUM,LRU Cache,74.8,0.44431311042924754,https://leetcode.com/problems/lru-cache,"Hash Table, Linked List, Design, Doubly-Linked List"
MEDIUM,Diagonal Traverse II,74.8,0.5771516113147672,https://leetcode.com/problems/diagonal-traverse-ii,"Array, Sorting, Heap (Priority Queue)"
