Difficulty,Title,Frequency,Acceptance Rate,Link,Topics
MEDIUM,Top K Frequent Elements,100.0,0.6408056087220422,https://leetcode.com/problems/top-k-frequent-elements,"Array, Hash Table, Divide and Conquer, Sorting, Heap (Priority Queue), Bucket Sort, Counting, Quickselect"
MEDIUM,Robot Bounded In Circle,100.0,0.5615317571518408,https://leetcode.com/problems/robot-bounded-in-circle,"Math, String, Simulation"
MEDIUM,Design Tic-Tac-Toe,92.6,0.5843374903981803,https://leetcode.com/problems/design-tic-tac-toe,"Array, Hash Table, Design, Matrix, Simulation"
EASY,Backspace String Compare,82.2,0.49393971184024676,https://leetcode.com/problems/backspace-string-compare,"Two Pointers, String, Stack, Simulation"
EASY,Two Sum,82.2,0.5507397838666975,https://leetcode.com/problems/two-sum,"Array, Hash Table"
