Difficulty,Title,Frequency,Acceptance Rate,Link,Topics
MEDIUM,My Calendar I,100.0,0.5836125887892137,https://leetcode.com/problems/my-calendar-i,"Array, Binary Search, Design, Segment Tree, Ordered Set"
MEDIUM,Letter Combinations of a Phone Number,92.7,0.6308060223713159,https://leetcode.com/problems/letter-combinations-of-a-phone-number,"Hash Table, String, Backtracking"
MEDIUM,Count Zero Request Servers,82.5,0.3342987680509097,https://leetcode.com/problems/count-zero-request-servers,"Array, Hash Table, Sliding Window, Sorting"
MEDIUM,Time Based Key-Value Store,82.5,0.49362075804082856,https://leetcode.com/problems/time-based-key-value-store,"Hash Table, String, Binary Search, Design"
MEDIUM,Bag of Tokens,82.5,0.5906554040597845,https://leetcode.com/problems/bag-of-tokens,"Array, Two Pointers, Greedy, Sorting"
