Difficulty,Title,Frequency,Acceptance Rate,Link,Topics
EASY,Two Sum,100.0,0.5507405953415835,https://leetcode.com/problems/two-sum,"Array, Hash Table"
MEDIUM,Longest Substring Without Repeating Characters,88.0,0.3632698529981104,https://leetcode.com/problems/longest-substring-without-repeating-characters,"Hash Table, String, Sliding Window"
MEDIUM,Zigzag Conversion,88.0,0.5079155051694905,https://leetcode.com/problems/zigzag-conversion,String
MEDIUM,Letter Combinations of a Phone Number,88.0,0.6308061341334603,https://leetcode.com/problems/letter-combinations-of-a-phone-number,"Hash Table, String, Backtracking"
EASY,Valid Parentheses,88.0,0.4184531582916639,https://leetcode.com/problems/valid-parentheses,"String, Stack"
EASY,Best Time to Buy and Sell Stock,88.0,0.5477010605207467,https://leetcode.com/problems/best-time-to-buy-and-sell-stock,"Array, Dynamic Programming"
MEDIUM,Find Minimum in Rotated Sorted Array,88.0,0.5215076717842321,https://leetcode.com/problems/find-minimum-in-rotated-sorted-array,"Array, Binary Search"
EASY,Maximum Product of Three Numbers,88.0,0.45242467114174767,https://leetcode.com/problems/maximum-product-of-three-numbers,"Array, Math, Sorting"
MEDIUM,LRU Cache,88.0,0.4443131599737302,https://leetcode.com/problems/lru-cache,"Hash Table, Linked List, Design, Doubly-Linked List"
