Difficulty,Title,Frequency,Acceptance Rate,Link,Topics
MEDIUM,3Sum,100.0,0.36423329845043406,https://leetcode.com/problems/3sum,"Array, Two Pointers, Sorting"
MEDIUM,4Sum,100.0,0.37601825595563015,https://leetcode.com/problems/4sum,"Array, Two Pointers, Sorting"
MEDIUM,Design Circular Queue,94.4,0.5236260468451651,https://leetcode.com/problems/design-circular-queue,"Array, Linked List, Design, Queue"
MEDIUM,Design a Stack With Increment Operation,75.3,0.8046685181714401,https://leetcode.com/problems/design-a-stack-with-increment-operation,"Array, Stack, Design"
MEDIUM,Game of Life,75.3,0.7094422174961672,https://leetcode.com/problems/game-of-life,"Array, Matrix, Simulation"
MEDIUM,Design Hit Counter,75.3,0.6901442454307032,https://leetcode.com/problems/design-hit-counter,"Array, Binary Search, Design, Queue, Data Stream"
EASY,Fizz Buzz,66.2,0.7390339643184275,https://leetcode.com/problems/fizz-buzz,"Math, String, Simulation"
MEDIUM,LRU Cache,66.2,0.4443129103994508,https://leetcode.com/problems/lru-cache,"Hash Table, Linked List, Design, Doubly-Linked List"
