Difficulty,Title,Frequency,Acceptance Rate,Link,Topics
EASY,Best Time to Buy and Sell Stock,100.0,0.5477006432873074,https://leetcode.com/problems/best-time-to-buy-and-sell-stock,"Array, Dynamic Programming"
MEDIUM,Cheapest Flights Within K Stops,100.0,0.40061439952192623,https://leetcode.com/problems/cheapest-flights-within-k-stops,"Dynamic Programming, Depth-First Search, Breadth-First Search, Graph, Heap (Priority Queue), Shortest Path"
EASY,Number Complement,100.0,0.7031238666827849,https://leetcode.com/problems/number-complement,Bit Manipulation
EASY,Complement of Base 10 Integer,100.0,0.607608426375992,https://leetcode.com/problems/complement-of-base-10-integer,Bit Manipulation
MEDIUM,Lexicographically Smallest Equivalent String,100.0,0.7663800037121821,https://leetcode.com/problems/lexicographically-smallest-equivalent-string,"String, Union Find"
