Difficulty,Title,Frequency,Acceptance Rate,Link,Topics
HARD,Game Play Analysis V,100.0,0.5079100586148085,https://leetcode.com/problems/game-play-analysis-v,Database
EASY,Game Play Analysis I,100.0,0.7547060596140631,https://leetcode.com/problems/game-play-analysis-i,Database
EASY,Game Play Analysis II,100.0,0.5368061312534894,https://leetcode.com/problems/game-play-analysis-ii,Database
MEDIUM,Game Play Analysis III,100.0,0.8111378296881562,https://leetcode.com/problems/game-play-analysis-iii,Database
MEDIUM,Game Play Analysis IV,100.0,0.389455925304649,https://leetcode.com/problems/game-play-analysis-iv,Database
