Difficulty,Title,Frequency,Acceptance Rate,Link,Topics
MEDIUM,House Robber,100.0,0.5198830342580593,https://leetcode.com/problems/house-robber,"Array, Dynamic Programming"
MEDIUM,Longest Palindromic Substring,100.0,0.3529833925453122,https://leetcode.com/problems/longest-palindromic-substring,"Two Pointers, String, Dynamic Programming"
EASY,Lucky Numbers in a Matrix,83.9,0.7989664979051845,https://leetcode.com/problems/lucky-numbers-in-a-matrix,"Array, Matrix"
MEDIUM,Spiral Matrix,83.9,0.5293294861000031,https://leetcode.com/problems/spiral-matrix,"Array, Matrix, Simulation"
EASY,Fizz Buzz,77.2,0.7390294851065652,https://leetcode.com/problems/fizz-buzz,"Math, String, Simulation"
MEDIUM,Longest Substring Without Repeating Characters,67.8,0.36326722133772227,https://leetcode.com/problems/longest-substring-without-repeating-characters,"Hash Table, String, Sliding Window"
EASY,Merge Sorted Array,67.8,0.5225685588885063,https://leetcode.com/problems/merge-sorted-array,"Array, Two Pointers, Sorting"
EASY,Maximum Difference Between Increasing Elements,67.8,0.586268788254956,https://leetcode.com/problems/maximum-difference-between-increasing-elements,Array
MEDIUM,Rotate Image,67.8,0.7717077385834604,https://leetcode.com/problems/rotate-image,"Array, Math, Matrix"
HARD,Max Points on a Line,67.8,0.2842575111223519,https://leetcode.com/problems/max-points-on-a-line,"Array, Hash Table, Math, Geometry"
