Difficulty,Title,Frequency,Acceptance Rate,Link,Topics
MEDIUM,Valid Sudoku,100.0,0.6165265534638352,https://leetcode.com/problems/valid-sudoku,"Array, Hash Table, Matrix"
MEDIUM,LRU Cache,100.0,0.4443110186522549,https://leetcode.com/problems/lru-cache,"Hash Table, Linked List, Design, Doubly-Linked List"
MEDIUM,Time Based Key-Value Store,95.8,0.49362132086900123,https://leetcode.com/problems/time-based-key-value-store,"Hash Table, String, Binary Search, Design"
HARD,Sudoku Solver,74.5,0.6367229215174804,https://leetcode.com/problems/sudoku-solver,"Array, Hash Table, Backtracking, Matrix"
MEDIUM,Combination Sum,74.5,0.7393136881748432,https://leetcode.com/problems/combination-sum,"Array, Backtracking"
