Difficulty,Title,Frequency,Acceptance Rate,Link,Topics
EASY,Two Sum,100.0,0.5507401143801224,https://leetcode.com/problems/two-sum,"Array, Hash Table"
MEDIUM,3Sum,100.0,0.3642336921257649,https://leetcode.com/problems/3sum,"Array, Two Pointers, Sorting"
MEDIUM,Longest Palindromic Substring,89.2,0.3529867182781461,https://leetcode.com/problems/longest-palindromic-substring,"Two Pointers, String, Dynamic Programming"
EASY,Valid Parentheses,89.2,0.41845312418206115,https://leetcode.com/problems/valid-parentheses,"String, Stack"
MEDIUM,Monthly Transactions I,89.2,0.5835676559220309,https://leetcode.com/problems/monthly-transactions-i,Database
EASY,Maximum Number of Pairs in Array,89.2,0.7549265085341845,https://leetcode.com/problems/maximum-number-of-pairs-in-array,"Array, Hash Table, Counting"
