Difficulty,Title,Frequency,Acceptance Rate,Link,Topics
HARD,Reverse Nodes in k-Group,100.0,0.620463138604683,https://leetcode.com/problems/reverse-nodes-in-k-group,"Linked List, Recursion"
MEDIUM,Inorder Successor in BST II,95.0,0.6091782507395481,https://leetcode.com/problems/inorder-successor-in-bst-ii,"Tree, Binary Search Tree, Binary Tree"
MEDIUM,Restore IP Addresses,95.0,0.5238319309402614,https://leetcode.com/problems/restore-ip-addresses,"String, Backtracking"
MEDIUM,Reorder List,95.0,0.6158645841674457,https://leetcode.com/problems/reorder-list,"Linked List, Two Pointers, Stack, Recursion"
MEDIUM,Reverse Linked List II,95.0,0.49101428362723093,https://leetcode.com/problems/reverse-linked-list-ii,Linked List
MEDIUM,Rotated Digits,88.9,0.5643007319732128,https://leetcode.com/problems/rotated-digits,"Math, Dynamic Programming"
MEDIUM,Inorder Successor in BST,88.9,0.504877968048194,https://leetcode.com/problems/inorder-successor-in-bst,"Tree, Depth-First Search, Binary Search Tree, Binary Tree"
EASY,Remove Linked List Elements,81.0,0.5113711442133329,https://leetcode.com/problems/remove-linked-list-elements,"Linked List, Recursion"
EASY,Missing Number,81.0,0.6934727448484219,https://leetcode.com/problems/missing-number,"Array, Hash Table, Math, Binary Search, Bit Manipulation, Sorting"
EASY,Moving Average from Data Stream,81.0,0.7958760290957754,https://leetcode.com/problems/moving-average-from-data-stream,"Array, Design, Queue, Data Stream"
EASY,Maximum Units on a Truck,81.0,0.7403931797239077,https://leetcode.com/problems/maximum-units-on-a-truck,"Array, Greedy, Sorting"
MEDIUM,Merge In Between Linked Lists,81.0,0.8218413751798487,https://leetcode.com/problems/merge-in-between-linked-lists,Linked List
EASY,Merge Two Sorted Lists,81.0,0.6628955616189995,https://leetcode.com/problems/merge-two-sorted-lists,"Linked List, Recursion"
MEDIUM,Missing Element in Sorted Array,81.0,0.5823447434556187,https://leetcode.com/problems/missing-element-in-sorted-array,"Array, Binary Search"
MEDIUM,Construct String With Repeat Limit,69.9,0.7094882792543395,https://leetcode.com/problems/construct-string-with-repeat-limit,"Hash Table, String, Greedy, Heap (Priority Queue), Counting"
MEDIUM,Find the Winner of the Circular Game,69.9,0.8198418795622783,https://leetcode.com/problems/find-the-winner-of-the-circular-game,"Array, Math, Recursion, Queue, Simulation"
MEDIUM,Validate Binary Search Tree,69.9,0.3398044702977858,https://leetcode.com/problems/validate-binary-search-tree,"Tree, Depth-First Search, Binary Search Tree, Binary Tree"
EASY,Find the Town Judge,69.9,0.4988816172260116,https://leetcode.com/problems/find-the-town-judge,"Array, Hash Table, Graph"
EASY,Best Time to Buy and Sell Stock,69.9,0.547698387236851,https://leetcode.com/problems/best-time-to-buy-and-sell-stock,"Array, Dynamic Programming"
EASY,Kth Largest Element in a Stream,69.9,0.5968282096071874,https://leetcode.com/problems/kth-largest-element-in-a-stream,"Tree, Design, Binary Search Tree, Heap (Priority Queue), Binary Tree, Data Stream"
MEDIUM,Implement Trie (Prefix Tree),69.9,0.6744651193259369,https://leetcode.com/problems/implement-trie-prefix-tree,"Hash Table, String, Design, Trie"
HARD,Binary Tree Maximum Path Sum,69.9,0.4090457112384286,https://leetcode.com/problems/binary-tree-maximum-path-sum,"Dynamic Programming, Tree, Depth-First Search, Binary Tree"
MEDIUM,Flatten a Multilevel Doubly Linked List,69.9,0.6095977855135679,https://leetcode.com/problems/flatten-a-multilevel-doubly-linked-list,"Linked List, Depth-First Search, Doubly-Linked List"
EASY,Contains Duplicate II,69.9,0.48128095385437347,https://leetcode.com/problems/contains-duplicate-ii,"Array, Hash Table, Sliding Window"
MEDIUM,Find Minimum in Rotated Sorted Array,69.9,0.5215059603380453,https://leetcode.com/problems/find-minimum-in-rotated-sorted-array,"Array, Binary Search"
MEDIUM,Reverse Words in a String,69.9,0.5006664756087896,https://leetcode.com/problems/reverse-words-in-a-string,"Two Pointers, String"
MEDIUM,Palindromic Substrings,69.9,0.7126867066788907,https://leetcode.com/problems/palindromic-substrings,"Two Pointers, String, Dynamic Programming"
