Difficulty,Title,Frequency,Acceptance Rate,Link,Topics
EASY,Number of 1 Bits,100.0,0.7377342819646373,https://leetcode.com/problems/number-of-1-bits,"Divide and Conquer, Bit Manipulation"
MEDIUM,Top K Frequent Words,83.3,0.5892399554876226,https://leetcode.com/problems/top-k-frequent-words,"Array, Hash Table, String, Trie, Sorting, Heap (Priority Queue), Bucket Sort, Counting"
HARD,Word Ladder,75.3,0.418468363777577,https://leetcode.com/problems/word-ladder,"Hash Table, String, Breadth-First Search"
EASY,Kth Largest Element in a Stream,61.6,0.5968285423536883,https://leetcode.com/problems/kth-largest-element-in-a-stream,"Tree, Design, Binary Search Tree, Heap (Priority Queue), Binary Tree, Data Stream"
HARD,Word Ladder II,61.6,0.27118241260165094,https://leetcode.com/problems/word-ladder-ii,"Hash Table, String, Backtracking, Breadth-First Search"
MEDIUM,Event Emitter,61.6,0.7428991714798712,https://leetcode.com/problems/event-emitter,
