Difficulty,Title,Frequency,Acceptance Rate,Link,Topics
MEDIUM,Insert Delete GetRandom O(1),100.0,0.5490687367275053,https://leetcode.com/problems/insert-delete-getrandom-o1,"Array, Hash Table, Math, Design, Randomized"
MEDIUM,Shortest Uncommon Substring in an Array,81.7,0.47286003185568304,https://leetcode.com/problems/shortest-uncommon-substring-in-an-array,"Array, Hash Table, String, Trie"
MEDIUM,Group Anagrams,75.2,0.7033701148221215,https://leetcode.com/problems/group-anagrams,"Array, Hash Table, String, Sorting"
EASY,Valid Anagram,70.9,0.6615051401519517,https://leetcode.com/problems/valid-anagram,"Hash Table, String, Sorting"
HARD,Insert Delete GetRandom O(1) - Duplicates allowed,70.9,0.3580665492548521,https://leetcode.com/problems/insert-delete-getrandom-o1-duplicates-allowed,"Array, Hash Table, Math, Design, Randomized"
MEDIUM,String Compression,65.4,0.5727263770254711,https://leetcode.com/problems/string-compression,"Two Pointers, String"
MEDIUM,Coin Change,65.4,0.4581320695760859,https://leetcode.com/problems/coin-change,"Array, Dynamic Programming, Breadth-First Search"
MEDIUM,Design Hit Counter,57.6,0.6901461069078656,https://leetcode.com/problems/design-hit-counter,"Array, Binary Search, Design, Queue, Data Stream"
