Difficulty,Title,Frequency,Acceptance Rate,Link,Topics
MEDIUM,Insert Delete GetRandom O(1),100.0,0.5490687367275053,https://leetcode.com/problems/insert-delete-getrandom-o1,"Array, Hash Table, Math, Design, Randomized"
MEDIUM,Group Anagrams,78.6,0.7033701148221215,https://leetcode.com/problems/group-anagrams,"Array, Hash Table, String, Sorting"
MEDIUM,Design Hit Counter,78.6,0.6901461069078656,https://leetcode.com/problems/design-hit-counter,"Array, Binary Search, Design, Queue, Data Stream"
MEDIUM,Shortest Uncommon Substring in an Array,70.7,0.47286003185568304,https://leetcode.com/problems/shortest-uncommon-substring-in-an-array,"Array, Hash Table, String, Trie"
HARD,Insert Delete GetRandom O(1) - Duplicates allowed,65.1,0.3580665492548521,https://leetcode.com/problems/insert-delete-getrandom-o1-duplicates-allowed,"Array, Hash Table, Math, Design, Randomized"
MEDIUM,String Compression,65.1,0.5727263770254711,https://leetcode.com/problems/string-compression,"Two Pointers, String"
EASY,Valid Anagram,57.2,0.6615051401519517,https://leetcode.com/problems/valid-anagram,"Hash Table, String, Sorting"
MEDIUM,String Compression III,57.2,0.6811013448344889,https://leetcode.com/problems/string-compression-iii,String
HARD,Parse Lisp Expression,57.2,0.5234774322099974,https://leetcode.com/problems/parse-lisp-expression,"Hash Table, String, Stack, Recursion"
